{
  "model": "LightGBM (Tuned & Calibrated)",
  "roc_auc": 0.7690903898335716,
  "pr_auc": 0.2497026068271965,
  "brier": 0.06695493658575526,
  "accuracy": 0.9202965708989805,
  "precision": 0.5750798722044729,
  "recall": 0.03637098403717923,
  "f1": 0.06841505131128849
}